{"cameraMode":{"drawMode":0,"name":"Shaded","section":"Shading Mode"},"sceneLighting":true,"audioPlay":false,"sceneViewState":{"showFog":true,"showMaterialUpdate":false,"showSkybox":true,"showFlares":true,"showImageEffects":true,"showParticleSystems":true},"in2DMode":false,"pivot":{"x":-0.903653621673584,"y":0.7430235147476196,"z":-1.3674319982528687},"rotation":{"x":-0.0777357816696167,"y":0.6887146830558777,"z":-0.07467178255319596,"w":-0.7169752717018127},"size":4.152695178985596,"orthographic":false}