{"cameraMode":{"drawMode":0,"name":"Shaded","section":"Shading Mode"},"sceneLighting":false,"audioPlay":false,"sceneViewState":{"showFog":true,"showMaterialUpdate":false,"showSkybox":true,"showFlares":true,"showImageEffects":true,"showParticleSystems":true},"in2DMode":false,"pivot":{"x":-1.0236258506774903,"y":-0.5189999938011169,"z":-2.2991232872009279},"rotation":{"x":-0.0777357816696167,"y":0.6887146830558777,"z":-0.07467178255319596,"w":-0.7169752717018127},"size":0.14289431273937226,"orthographic":true}