{"cameraMode":{"drawMode":0,"name":"Shaded","section":"Shading Mode"},"sceneLighting":false,"audioPlay":false,"sceneViewState":{"showFog":true,"showMaterialUpdate":false,"showSkybox":true,"showFlares":true,"showImageEffects":true,"showParticleSystems":true},"in2DMode":false,"pivot":{"x":-6.574093818664551,"y":0.6191555261611939,"z":4.428256988525391},"rotation":{"x":0.05160115286707878,"y":0.7493036985397339,"z":-0.05879746004939079,"w":0.6575896739959717},"size":6.933066368103027,"orthographic":false}