{"cameraMode":{"drawMode":0,"name":"Shaded","section":"Shading Mode"},"sceneLighting":false,"audioPlay":false,"sceneViewState":{"showFog":true,"showMaterialUpdate":false,"showSkybox":true,"showFlares":true,"showImageEffects":true,"showParticleSystems":true},"in2DMode":false,"pivot":{"x":2.2383873462677,"y":1.4708234071731568,"z":-2.8881709575653078},"rotation":{"x":-0.14072301983833314,"y":0.6755366921424866,"z":-0.13364259898662568,"w":-0.7113276124000549},"size":2.2238078117370607,"orthographic":false}