{"cameraMode":{"drawMode":0,"name":"Shaded","section":"Shading Mode"},"sceneLighting":false,"audioPlay":false,"sceneViewState":{"showFog":true,"showMaterialUpdate":false,"showSkybox":true,"showFlares":true,"showImageEffects":true,"showParticleSystems":true},"in2DMode":false,"pivot":{"x":2.0620169639587404,"y":0.48215001821517947,"z":1.1162939071655274},"rotation":{"x":-0.016818521544337274,"y":-0.9790520071983337,"z":0.1815073937177658,"w":-0.09071582555770874},"size":2.2855048179626467,"orthographic":false}