{"cameraMode":{"drawMode":0,"name":"Shaded","section":"Shading Mode"},"sceneLighting":false,"audioPlay":false,"sceneViewState":{"showFog":true,"showMaterialUpdate":false,"showSkybox":true,"showFlares":true,"showImageEffects":true,"showParticleSystems":true},"in2DMode":false,"pivot":{"x":2.241070508956909,"y":1.5080313682556153,"z":-2.7906246185302736},"rotation":{"x":-0.02588798478245735,"y":-0.6287573575973511,"z":0.02095108851790428,"w":-0.7768880128860474},"size":2.4452342987060549,"orthographic":false}