{"cameraMode":{"drawMode":0,"name":"Shaded","section":"Shading Mode"},"sceneLighting":true,"audioPlay":false,"sceneViewState":{"showFog":true,"showMaterialUpdate":false,"showSkybox":true,"showFlares":true,"showImageEffects":true,"showParticleSystems":true},"in2DMode":false,"pivot":{"x":1.392552137374878,"y":1.8223369121551514,"z":1.2498693466186524},"rotation":{"x":-0.0057096462696790699,"y":-0.9893366694450378,"z":0.04039689898490906,"w":-0.13981585204601289},"size":4.460169315338135,"orthographic":false}