{"cameraMode":{"drawMode":0,"name":"Shaded","section":"Shading Mode"},"sceneLighting":false,"audioPlay":false,"sceneViewState":{"showFog":true,"showMaterialUpdate":false,"showSkybox":true,"showFlares":true,"showImageEffects":true,"showParticleSystems":true},"in2DMode":false,"pivot":{"x":-1.8753629922866822,"y":2.256631374359131,"z":-1.6879277229309083},"rotation":{"x":-0.02183014340698719,"y":-0.7865410447120667,"z":0.6165233850479126,"w":-0.02784929983317852},"size":6.036821365356445,"orthographic":false}