{"cameraMode":{"drawMode":0,"name":"Shaded","section":"Shading Mode"},"sceneLighting":false,"audioPlay":false,"sceneViewState":{"showFog":true,"showMaterialUpdate":false,"showSkybox":true,"showFlares":true,"showImageEffects":true,"showParticleSystems":true},"in2DMode":false,"pivot":{"x":8.329999923706055,"y":0.15000000596046449,"z":0.0},"rotation":{"x":-0.19694370031356812,"y":-0.025882355868816377,"z":0.005200642626732588,"w":-0.9800593852996826},"size":6.257365703582764,"orthographic":false}